processid,sampleid,recordID,catalognum,species_name,subspecies_name,identification_provided_by,country,province_state,sequenceID,genbank_accession,markercode,seqlength,run_dates,CommonName
BBLOC1690-11,BIOUG01547-E04,2220799,BIOUG01547-E04,Epargyreus clarus,NA,BOLD ID Engine,United States,Arkansas,4475154,,COI-5P,658,2012-05-07 14:47:03|2012-05-07 20:28:44|2012-05-08 14:15:28,Silver-spotted Skipper
EZBNB006-08,CBjS07-1015k,710968,,Epargyreus clarus,NA,Bjorn C. Schmidt,Canada,Saskatchewan,2656205,KT134630,COI-5P,658,2008-01-29 00:53:10|2008-01-28 23:22:24,Silver-spotted Skipper
EZBNB394-08,EVZ-06-016,754684,,Epargyreus clarus,NA,Evgeny V. Zakharov,United States,Indiana,2682679,,COI-5P,658,2008-05-08 10:37:38|2008-05-08 12:25:20,Silver-spotted Skipper
LGSM823-04,DNA-ATBI-0823,37104,,Epargyreus clarus,NA,,United States,North Carolina,3022976,GU089840,COI-5P,658,2004-12-09 08:42:32|2004-12-08 13:52:28,Silver-spotted Skipper
LPSO962-08,PPBP-0962,827404,PPBP-0962,Epargyreus clarus,NA,,Canada,Ontario,2621007,KM548883,COI-5P,658,2008-07-17 11:12:02|2008-07-17 12:43:10,Silver-spotted Skipper
LNC663-06,05-NCCC-663,245115,,Urbanus proteus,NA,,United States,North Carolina,2970875,,COI-5P,658,2006-05-12 09:49:24|2006-05-12 13:13:39,Long-tailed Skipper
BBLOD202-11,BIOUG01552-H05,2222142,BIOUG01552-H05,Urbanus proteus,NA,BOLD ID Engine,United States,Texas,4477238,,COI-5P,658,2012-05-08 14:47:57|2012-05-08 20:28:18,Long-tailed Skipper
LTOLB188-09,AV-91-0055,1042785,,Urbanus proteus,NA,Adrienne Venables,United States,Florida,3241493,KF492165,COI-5P,658,2009-05-14 17:38:21|2009-05-14 16:07:17,Long-tailed Skipper
LNAUU1587-15,CCDB-28950-F07,6500816,USNM ENT 01201605,Autochton cellus,NA,Charles T. Bryson,United States,Tennessee,8311155,NA,COI-5P,658,2016-02-12 06:40:14|2016-02-10 21:46:46|2016-02-11 20:20:19|2016-02-10 18:45:16,Gold-banded Skipper
NGSFT3721-16,CCDB-28950-E09_NGS,7486425,USNM ENT 01201595,Autochton cellus,NA,J. M. Burns,United States,Mississippi,9782007,NA,COI-5P,658,,Gold-banded Skipper
LNAUU1714-15,CCDB-28952-A04,6500943,USNM ENT 01201637,Achalarus lyciades,NA,R. A. Rahn,United States,Texas,8328222,NA,COI-5P,658,2016-02-12 09:40:06|2016-02-12 15:53:10|2016-02-24 00:14:32|2016-02-23 23:22:14,Hoary Edge Skipper
NGSFT3732-16,CCDB-28950-G10_NGS,7486436,USNM ENT 01201620,Achalarus lyciades,NA,,United States,Massachusetts,9782018,NA,COI-5P,658,,Hoary Edge Skipper
LNAUU1747-15,CCDB-28952-D01,6500976,USNM ENT 01201670,Thorybes bathyllus,NA,,United States,Missouri,8328208,NA,COI-5P,658,2016-02-12 09:40:06|2016-02-12 15:53:10|2016-02-24 00:14:32|2016-02-23 23:22:14,Southern Cloudywing
NGSFT3761-16,CCDB-28952-C02_NGS,7486465,USNM ENT 01201659,Thorybes bathyllus,NA,,United States,North Carolina,9782040,NA,COI-5P,658,,Southern Cloudywing
BBLPA245-10,10BBCLP-0245,1747942,10BBCLP-0245,Thorybes pylades,NA,,Canada,Saskatchewan,3836032,JF841284,COI-5P,658,2011-02-27 16:07:36|2011-02-27 17:33:54,Northern Cloudywing
LGSMC954-05,DNA-ATBI-4034,54993,,Thorybes pylades,NA,Brian G. Scholtens,United States,Tennessee,2992840,GU089293,COI-5P,658,2005-08-11 09:17:36|2005-08-11 12:39:11,Northern Cloudywing
LPMN484-08,08BBLEP-01283,890719,08BBLEP-01283,Thorybes pylades,NA,Evgeny V. Zakharov,Canada,Manitoba,2592560,KM550924,COI-5P,658,2008-11-18 13:04:16|2008-11-17 16:11:59,Northern Cloudywing
NGSFT3775-16,CCDB-28952-E01_NGS,7486479,USNM ENT 01201682,Thorybes pylades,NA,,United States,Massachusetts,9782053,,COI-5P,658,,Northern Cloudywing
LNAUU1791-15,CCDB-28952-G09,6501020,USNM ENT 01201714,Staphylus hayhurstii,NA,H. A. Freeman,United States,Florida,8328214,NA,COI-5P,658,2016-02-12 15:53:10|2016-02-24 01:44:27|2016-02-24 00:06:02,Hayhurst's Scallopwing
LNAUU1793-15,CCDB-28952-G11,6501022,USNM ENT 01201716,Staphylus hayhurstii,NA,H. A. Freeman,United States,Texas,8328203,NA,COI-5P,658,2016-02-12 09:40:06|2016-02-12 15:53:10|2016-02-24 01:44:27|2016-02-24 00:06:02,Hayhurst's Scallopwing
BBLPA242-10,10BBCLP-0242,1747939,10BBCLP-0242,Erynnis icelus,NA,,Canada,Saskatchewan,3836029,JF841281,COI-5P,658,2011-02-27 16:07:36|2011-02-27 17:33:54,Dreamy Duskywing
EZBNB001-08,CBjS07-1010g.1,710963,,Erynnis icelus,NA,Bjorn C. Schmidt,Canada,Alberta,2656213,KT133782,COI-5P,658,2008-01-28 23:22:24|2008-01-29 00:53:10,Dreamy Duskywing
LGSMD644-05,DNA-ATBI-4101,59661,,Erynnis icelus,NA,,United States,North Carolina,2984029,GU088377,COI-5P,658,2005-07-29 15:05:36|2005-07-29 18:16:03,Dreamy Duskywing
LPMN504-08,08BBLEP-01303,890739,08BBLEP-01303,Erynnis icelus,NA,Evgeny V. Zakharov,Canada,Manitoba,2592013,KM553734,COI-5P,658,2008-11-17 16:11:59|2008-11-18 13:04:16,Dreamy Duskywing
EZBNB004-08,CBjS07-1012j.1,710966,,Erynnis brizo,NA,Bjorn C. Schmidt,Canada,Manitoba,2656209,KT144025,COI-5P,658,2008-01-28 23:22:24|2008-01-29 00:53:10,Sleepy Duskywing
LNAUU1350-15,CCDB-28974-B08,6474467,USNM ENT 01202367,Erynnis brizo,NA,,United States,Florida,8317111,,COI-5P,658,2016-02-11 17:19:34|2016-02-10 21:12:43|2016-02-10 23:17:23|2016-02-11 17:01:29,Sleepy Duskywing
LNAUU1368-15,CCDB-28974-D02,6474485,USNM ENT 01202382,Erynnis brizo,NA,,United States,Georgia,8317074,,COI-5P,658,2016-02-10 21:12:43|2016-02-11 17:19:34|2016-02-10 23:17:23|2016-02-11 17:01:29,Sleepy Duskywing
RRMFE2989-15,BIOUG22570-A06,6017022,BIOUG22570-A06,Erynnis juvenalis,NA,Angela Telfer,Canada,Ontario,7761646,KT622324,COI-5P,658,2016-05-19 05:09:31|2015-07-24 01:37:56,Juvenal's Duskywing
BBLOC659-11,BIOUG01458-H10,2204108,BIOUG01458-H10,Erynnis horatius,NA,NA,United States,Arkansas,4168382,,COI-5P,658,2011-10-27 14:53:32|2011-10-27 16:11:27,Horace's Duskywing
LGSM812-04,DNA-ATBI-0812,37093,,Erynnis horatius,NA,NA,United States,Tennessee,3022984,GU089848,COI-5P,658,2004-12-08 13:52:28|2004-12-09 08:42:32,Horace's Duskywing
LNAUU1868-15,CCDB-28953-F03,6501097,USNM ENT 01201791,Erynnis martialis,NA,,United States,Michigan,8391885,NA,COI-5P,658,2016-03-18 21:01:46|2016-03-11 11:23:15|2016-03-18 15:00:02|2016-03-14 08:34:32,Mottled Duskywing
NGSFT3846-16,CCDB-28953-F04_NGS,7486550,USNM ENT 01201792,Erynnis martialis,NA,J. M. Burns,United States,Ohio,9782122,NA,COI-5P,658,,Mottled Duskywing
LNAUU1894-15,CCDB-28953-H05,6501123,USNM ENT 01201817,Erynnis baptisiae,NA,J. M. Burns,United States,Illinois,8391876,NA,COI-5P,658,2016-03-18 21:01:46|2016-03-18 15:00:02|2016-03-11 11:23:15|2016-03-14 08:34:32,Wild Indigo Duskywing
NGSFT3859-16,CCDB-28953-H02_NGS,7486563,USNM ENT 01201814,Erynnis baptisiae,NA,J. M. Burns,United States,South Carolina,9782134,NA,COI-5P,658,,Wild Indigo Duskywing
BBLPA241-10,10BBCLP-0241,1747938,10BBCLP-0241,Erynnis persius,NA,,Canada,Saskatchewan,3836028,JF841280,COI-5P,658,2011-02-27 16:07:36|2011-02-27 17:33:54,Persius Duskywing
LPAB062-08,08BBLEP-02384,909160,08BBLEP-02384,Erynnis persius,NA,Jason Straka,Canada,Alberta,2584364,KM544075,COI-5P,658,2008-10-03 23:17:20|2008-10-03 15:40:22,Persius Duskywing
BBLOC1694-11,BIOUG01547-E08,2220803,BIOUG01547-E08,Pyrgus communis,NA,Jacopo Dercole,United States,Texas,4475158,,COI-5P,658,2012-05-07 14:47:03|2012-05-07 20:28:44|2012-05-08 14:15:28,Common Checkered-Skipper
LGSM845-04,DNA-ATBI-0845,37126,,Pyrgus communis,NA,,United States,North Carolina,3023294,GU090161,COI-5P,658,2004-12-09 08:42:32|2004-12-08 13:52:28,Common Checkered-Skipper
LPSK001-08,08BBLEP-00334,887787,08BBLEP-00334,Pyrgus communis,NA,,Canada,Saskatchewan,3410705,KM553796,COI-5P,658,2009-05-22 07:49:00|2009-05-22 09:15:01,Common Checkered-Skipper
BBLOC352-11,BIOUG01455-F12,2203801,BIOUG01455-F12,Pholisora catullus,NA,Vlad Dinca,United States,Arizona,4168101,NA,COI-5P,658,2011-10-27 10:19:54|2011-10-27 11:38:03,Common Sooty Wing
BBLOE1226-12,BIOUG01985-B06,2408533,BIOUG01985-B06,Pholisora catullus,NA,Vlad Dinca,United States,Arizona,4511942,NA,COI-5P,658,2012-05-30 15:48:31|2012-05-30 14:58:36,Common Sooty Wing
LNC711-06,05-NCCC-711,245163,,Nastra lherminier,NA,,United States,North Carolina,2970612,NA,COI-5P,658,2006-05-12 13:13:39|2006-05-12 09:49:24,Swarthy Skipper
BBLPC046-09,09BBELE-1046,1283740,09BBELE-1046,Ancyloxypha numitor,NA,,Canada,New Brunswick,3454365,HM436288,COI-5P,658,2010-01-15 14:13:39|2010-01-15 11:03:23,Least Skipper
LGSM834-04,DNA-ATBI-0834,37115,,Ancyloxypha numitor,NA,,United States,Tennessee,3022769,GU089634,COI-5P,658,2004-12-08 12:03:33|2004-12-09 10:56:20,Least Skipper
OPPFS115-17,BIOUG35111-D11,8179636,BIOUG35111-D11,Ancyloxypha numitor,NA,Kate Perez,Canada,Ontario,9541736,,COI-5P,658,,Least Skipper
LPABC734-09,08BBLEP-04953,1042063,08BBLEP-04953,Thymelicus lineola,NA,,Canada,Alberta,3227248,KM542882,COI-5P,658,2009-04-08 14:14:07|2009-04-08 15:45:19,European Skipper
LPMNB278-09,08BBLEP-05122,1040972,08BBLEP-05122,Thymelicus lineola,NA,,Canada,Manitoba,3218796,KM540670,COI-5P,658,2009-04-08 20:18:02|2009-04-08 21:49:13,European Skipper
LPSOB733-08,PPBP-1732,840450,,Thymelicus lineola,NA,,Canada,Ontario,2620676,KT130660,COI-5P,658,2008-08-08 22:16:20|2008-08-08 23:47:29,European Skipper
LNAUU1978-15,CCDB-28954-G06,6501207,USNM ENT 01201901,Thymelicus lineola,NA,,United States,West Virginia,8328625,,COI-5P,658,2016-02-12 08:10:22|2016-02-11 18:49:43|2016-02-23 22:44:35|2016-02-24 03:50:38,European Skipper
BBLOD928-11,BIOUG01569-E07,2230803,BIOUG01569-E07,Hylephila phyleus,NA,BOLD ID Engine,United States,Arizona,4477818,,COI-5P,658,2012-05-08 11:45:11|2012-05-08 17:38:33,Fiery Skipper
LNC704-06,05-NCCC-704,245156,,Hylephila phyleus,NA,,United States,North Carolina,2970425,,COI-5P,658,2006-05-12 13:13:39|2006-05-12 09:49:24,Fiery Skipper
LOFLC145-06,06-FLOR-2025,267794,,Hylephila phyleus,NA,,United States,Florida,2861830,,COI-5P,653,2006-10-21 13:19:02|2006-10-23 08:38:55,Fiery Skipper
GBGL8134-12,EU364470,2953293,42-ADW,Hesperia leonardus,NA,NA,United States,NA,4856525,EU364470,COI-3P,708,NA,Leonard's Skipper
LNAUU2171-15,CCDB-28956-G09,6501400,USNM ENT 01201999,Hesperia metea,NA,NA,United States,Maryland,8328180,NA,COI-5P,658,2016-02-24 00:14:32|2016-02-23 23:22:14|2016-02-11 20:20:19|2016-02-12 06:40:14,Cobweb Skipper
LNAUU2178-15,CCDB-28956-H04,6501407,USNM ENT 01202006,Hesperia metea,NA,NA,United States,Texas,8328177,NA,COI-5P,658,2016-02-24 00:14:32|2016-02-23 23:22:14|2016-02-11 20:20:19|2016-02-12 06:40:14,Cobweb Skipper
LNAUU1236-15,CCDB-28973-A01,6474353,USNM ENT 01202253,Hesperia sassacus,NA,NA,United States,Wisconsin,8328283,,COI-5P,658,2016-02-23 23:45:21|2016-02-23 05:52:34|2016-02-12 05:10:30|2016-02-11 21:50:28,Indian Skipper
LPSOD397-09,08BBLEP-00176,1057950,08BBLEP-00176,Hesperia sassacus,NA,NA,Canada,Ontario,3260207,KM553868,COI-5P,658,2009-05-22 12:07:26|2009-05-22 10:41:25,Indian Skipper
LGSM842-04,DNA-ATBI-0842,37123,,Polites peckius,NA,,United States,Tennessee,3023263,GU090129,COI-5P,658,2004-12-08 13:52:28|2004-12-09 08:42:32,Peck's Skipper
LNAUU827-15,CCDB-24284-F07,6397883,USNM ENT 01201239,Polites peckius,NA,Jacopo Dercole,United States,Wisconsin,7989566,,COI-5P,658,2015-10-16 11:02:33|2015-10-16 14:25:24|2015-10-16 14:59:02|2015-10-17 03:00:13,Peck's Skipper
LPMNB267-09,08BBLEP-05111,1040961,08BBLEP-05111,Polites peckius,NA,,Canada,Manitoba,3218785,KM550921,COI-5P,658,2009-04-08 20:18:02|2009-04-08 21:49:13,Peck's Skipper
OPPFM2482-17,BIOUG34719-H02,7989299,BIOUG34719-H02,Polites peckius,NA,Kate Perez,Canada,Ontario,9501783,,COI-5P,658,,Peck's Skipper
BBLPA253-10,10BBCLP-0253,1747950,10BBCLP-0253,Polites themistocles,NA,,Canada,Ontario,3836040,JF841292,COI-5P,658,2011-02-27 16:07:36|2011-02-27 17:33:54,Tawny-edged Skipper
EZBNB026-08,CBjS07-1059b.1,710988,,Polites themistocles,NA,Bjorn C. Schmidt,Canada,Alberta,2656404,KT125872,COI-5P,658,2008-02-05 19:02:03|2008-02-05 20:33:07,Tawny-edged Skipper
LGSM825-04,DNA-ATBI-0825,37106,,Polites themistocles,NA,,United States,Tennessee,3023265,GU090131,COI-5P,658,2004-12-09 08:42:32|2004-12-08 13:52:28,Tawny-edged Skipper
LNAUU1255-15,CCDB-28973-B08,6474372,USNM ENT 01202272,Polites themistocles,NA,,United States,Michigan,8328262,,COI-5P,658,2016-02-23 05:52:34|2016-02-12 05:10:30|2016-02-11 21:50:28|2016-02-23 23:45:21,Tawny-edged Skipper
LNAUU1264-15,CCDB-28973-C05,6474381,USNM ENT 01202281,Polites origenes,NA,,United States,Massachusetts,8328288,,COI-5P,658,2016-02-23 05:52:34|2016-02-12 05:10:30|2016-02-23 23:45:21|2016-02-11 21:50:28,Crossline Skipper
NGSFT4016-16,CCDB-28973-B04_NGS,7486720,USNM ENT 01202268,Polites origenes,NA,Jacopo Dercole,United States,Virginia,9785063,,COI-5P,658,,Crossline Skipper
XAI016-05,0102-ONT-0016,175891,,Polites origenes,NA,Bjorn C. Schmidt,Canada,Ontario,2951220,KT138122,COI-5P,658,,Crossline Skipper
BBLPA276-10,10BBCLP-0276,1747973,10BBCLP-0276,Polites mystic,NA,,Canada,Alberta,3836063,JF841315,COI-5P,658,2011-02-27 16:07:36|2011-02-27 17:33:54,Long Dash
LNAUU1269-15,CCDB-28973-C10,6474386,USNM ENT 01202286,Polites mystic,NA,R. A. Rahn,United States,Wisconsin,8328254,,COI-5P,658,2016-02-23 05:52:34|2016-02-12 05:10:30|2016-02-11 21:50:28|2016-02-23 23:45:21,Long Dash
LPSOB779-08,PPBP-1778,840496,,Polites mystic,NA,,Canada,Ontario,2620511,KT127431,COI-5P,658,2008-08-08 22:16:20|2008-08-08 23:47:29,Long Dash
LGSM804-04,DNA-ATBI-0804,37085,,Wallengrenia egeremet,NA,,United States,North Carolina,3023371,GU090236,COI-5P,658,2004-12-08 12:03:33|2004-12-09 10:56:20,Northern Broken-Dash
NGSFT4025-16,CCDB-28973-D12_NGS,7486729,USNM ENT 01201586,Wallengrenia egeremet,NA,J. M. Burns,United States,Kentucky,9785070,,COI-5P,658,,Northern Broken-Dash
XAI015-05,0102-ONT-0015,175890,,Wallengrenia egeremet,NA,Paul Hebert,Canada,Ontario,2951236,KT146614,COI-5P,658,,Northern Broken-Dash
LGSM807-04,DNA-ATBI-0807,37088,,Pompeius verna,NA,,United States,Tennessee,3023271,GU090137,COI-5P,658,2004-12-08 13:52:28|2004-12-09 08:42:32,Little Glassy Wing
OPPFO2727-17,BIOUG34131-F07,8088978,BIOUG34131-F07,Pompeius verna,NA,Kate Perez,Canada,Ontario,9498831,,COI-5P,658,,Little Glassy Wing
BBLOB726-11,BIOUG01399-F01,2172043,,Atalopedes campestris,NA,,United States,Oklahoma,4160100,,COI-5P,658,2011-10-14 01:57:45|2011-10-14 02:09:01,Sachem
LGSM783-04,DNA-ATBI-0783,37064,,Atalopedes campestris,NA,,United States,Tennessee,3022806,GU089671,COI-5P,658,2004-12-09 10:56:20|2004-12-08 12:03:33,Sachem
BBLOB771-11,BIOUG01412-A11,2174927,BIOUG01412-A11,Anatrytone logan,NA,NA,United States,Florida,4160831,,COI-5P,658,2011-10-13 16:02:00|2011-10-13 16:08:40,Delaware Skipper
GBGL8139-12,EU364475,2953298,37-ADW,Anatrytone logan,NA,NA,United States,,4856530,EU364475,COI-3P,708,,Delaware Skipper
XAJ971-06,2006-ONT-0971,285151,,Anatrytone logan,NA,NA,Canada,Ontario,2869561,KT145548,COI-5P,658,2006-08-19 16:25:41|2006-08-19 19:24:50,Delaware Skipper
LNAUU1300-15,CCDB-28973-F05,6474417,USNM ENT 01201603,Poanes massasoit,NA,NA,United States,Wisconsin,8328296,NA,COI-5P,658,2016-02-23 05:52:34|2016-02-12 12:52:31|2016-02-11 15:31:30|2016-02-23 23:45:21,Mulberry Wing
NGSFT4030-16,CCDB-28973-F07_NGS,7486734,USNM ENT 01201605,Poanes massasoit,NA,NA,United States,Maryland,9785073,NA,COI-5P,658,,Mulberry Wing
BBLPA231-10,10BBCLP-0231,1747928,10BBCLP-0231,Poanes hobomok,NA,,Canada,Saskatchewan,3836018,JF841270,COI-5P,658,2011-02-27 16:07:36|2011-02-27 17:33:54,Hobomok Skipper
LGSMD667-05,DNA-ATBI-4124,59684,,Poanes hobomok,NA,,United States,North Carolina,2984114,GU088464,COI-5P,658,2005-07-29 18:16:03|2005-07-29 15:05:36,Hobomok Skipper
XAF587-05,2005-ONT-236,54736,,Poanes hobomok,NA,Paul Hebert,Canada,Ontario,2999452,GU092024,COI-5P,658,2005-06-29 00:57:42|2005-06-29 04:02:53,Hobomok Skipper
LGSMD648-05,DNA-ATBI-4105,59665,,Poanes zabulon,NA,,United States,Tennessee,2984115,GU088466,COI-5P,658,2005-07-29 13:11:28|2005-07-29 16:43:59,Zabulon Skipper
LNAUU1295-15,CCDB-28973-E12,6474412,USNM ENT 01201598,Poanes zabulon,NA,,United States,Virginia,8328246,,COI-5P,658,2016-02-23 05:52:34|2016-02-12 12:52:31|2016-02-11 15:31:30|2016-02-23 23:45:21,Zabulon Skipper
BBLOC1429-11,BIOUG01542-G04,2210997,BIOUG01542-G04,Poanes viator,NA,BOLD ID Engine,United States,Texas,4431336,NA,COI-5P,658,2012-04-02 15:46:46|2012-04-02 21:28:55,Broad-winged Skipper
BBLOD1294-11,BIOUG01825-D05,2349911,BIOUG01825-D05,Poanes viator,NA,BOLD ID Engine,United States,Texas,4511562,NA,COI-5P,658,2012-05-30 12:57:14|2012-05-30 11:51:20,Broad-winged Skipper
LNAUU1320-15,CCDB-28973-H01,6474437,USNM ENT 01201623,Euphyes dion,NA,NA,United States,Wisconsin,8328243,NA,COI-5P,658,2016-02-23 05:52:34|2016-02-12 12:52:31|2016-02-11 15:31:30,Dion Skipper
LNAUU1322-15,CCDB-28973-H03,6474439,USNM ENT 01201625,Euphyes dion,NA,NA,United States,Virginia,8328250,NA,COI-5P,658,2016-02-23 05:52:34|2016-02-12 12:52:31|2016-02-11 15:31:30|2016-02-23 23:45:21,Dion Skipper
LNAUU1323-15,CCDB-28973-H04,6474440,USNM ENT 01201626,Euphyes dukesi,NA,Charles V. Covell,United States,Kentucky,8328272,NA,COI-5P,658,2016-02-23 05:52:34|2016-02-12 12:52:31|2016-02-11 15:31:30|2016-02-23 23:45:21,Duke's Skipper
BBLEC129-09,09BBELE-0129,1281324,09BBELE-0129,Euphyes vestris,NA,,Canada,Nova Scotia,3437436,GU690410,COI-5P,658,2010-01-06 15:00:11|2010-01-06 23:58:42,Dun Skipper
CNTIF4369-15,BIOUG21146-B11,5820527,BIOUG21146-B11,Euphyes vestris,NA,Jacopo Dercole,Canada,Ontario,7546630,MG466585,COI-5P,658,2016-11-08 01:47:47|2015-06-02 11:01:09,Dun Skipper
GMOAG1858-15,BIOUG24088-A09,6263346,BIOUG24088-A09,Euphyes vestris,NA,Jacopo Dercole,Canada,Ontario,7996031,MG364681,COI-5P,658,2015-10-19 13:21:05|2015-10-19 11:49:46,Dun Skipper
LNAUU1349-15,CCDB-28974-B07,6474466,USNM ENT 01202366,Atrytonopsis hianna,NA,,United States,North Carolina,8317066,,COI-5P,658,2016-02-10 21:12:43|2016-02-11 17:19:34|2016-02-10 23:17:23|2016-02-11 17:01:29,Dusted Skipper
LPSO971-08,PPBP-0971,827413,,Atrytonopsis hianna,NA,,Canada,Ontario,2620839,KT125228,COI-5P,658,2008-07-17 12:43:10|2008-07-17 11:12:02,Dusted Skipper
LNAUU2132-15,CCDB-28956-D06,6501361,USNM ENT 01201960,Amblyscirtes hegon,NA,,United States,Pennsylvania,8328153,NA,COI-5P,658,2016-02-24 00:14:32|2016-02-23 23:22:14|2016-02-12 15:53:10|2016-02-12 09:40:06,Pepper and Salt Skipper
LNAUU2133-15,CCDB-28956-D07,6501362,USNM ENT 01201961,Amblyscirtes hegon,NA,,United States,Kentucky,8328173,NA,COI-5P,658,2016-02-24 00:14:32|2016-02-23 23:22:14|2016-02-12 15:53:10|2016-02-12 09:40:06,Pepper and Salt Skipper
BBLPA260-10,10BBCLP-0260,1747957,10BBCLP-0260,Amblyscirtes vialis,NA,,Canada,Ontario,3836047,JF841299,COI-5P,658,2011-02-27 16:07:36|2011-02-27 17:33:54,Common Roadside Skipper
LPSOD402-09,08BBLEP-00181,1057955,08BBLEP-00181,Amblyscirtes vialis,NA,,Canada,Ontario,3260212,KM549402,COI-5P,658,2009-05-22 12:07:26|2009-05-22 10:41:25,Common Roadside Skipper
NGSFT3929-16,CCDB-28956-D11_NGS,7486633,USNM ENT 01201965,Amblyscirtes vialis,NA,,United States,Virginia,9782392,,COI-5P,658,,Common Roadside Skipper
LNAUU1994-15,CCDB-28954-H10,6501223,USNM ENT 01201917,Panoquina ocola,,,United States,Florida,8328659,,COI-5P,658,2016-02-12 09:40:06|2016-02-12 15:53:10|2016-02-23 22:44:35|2016-02-24 03:50:38,Ocola Skipper
LNC680-06,05-NCCC-680,245132,,Panoquina ocola,,,United States,North Carolina,2970675,,COI-5P,658,2006-05-12 11:19:14|2006-05-12 08:04:38,Ocola Skipper
BBLOC653-11,BIOUG01458-H04,2204102,BIOUG01458-H04,Battus philenor,NA,,United States,Arkansas,4168397,,COI-5P,658,2011-10-27 14:53:32|2011-10-27 16:11:27,Pipevine Swallowtail
LGSM786-04,DNA-ATBI-0786,37067,,Battus philenor,NA,,United States,Tennessee,3022819,GU089684,COI-5P,658,2004-12-08 12:03:33|2004-12-09 10:56:20,Pipevine Swallowtail
NIFB011-06,HLC-13302,280216,,Papilio polyxenes,,Paul Hebert,Canada,Ontario,2936922,KT146924,COI-5P,658,2006-08-06 04:32:35|2006-08-06 01:33:23,Black Swallowtail
SDP408064-15,CC15C-18,6473370,,Papilio polyxenes,,Jacopo Dercole,United States,Minnesota,7975480,KX781910,COI-5P,658,2015-10-10 08:25:18|2015-10-10 08:25:18,Black Swallowtail
BBLOB1074-11,BIOUG01415-C05,2175230,BIOUG01415-C05,Papilio cresphontes,NA,,United States,Florida,4161054,,COI-5P,658,2011-10-13 20:16:52|2011-10-13 20:25:44,Giant Swallowtail
LPSO815-08,PPBP-0815,827257,PPBP-0815,Papilio cresphontes,NA,,Canada,Ontario,2621492,KM540030,COI-5P,658,2008-07-15 17:27:47|2008-07-15 18:58:28,Giant Swallowtail
BBLOC645-11,BIOUG01458-G08,2204094,BIOUG01458-G08,Papilio glaucus,,,United States,Arkansas,4168402,,COI-5P,658,2011-10-27 14:53:32|2011-10-27 16:11:27,Eastern Tiger Swallowtail
LGSM827-04,DNA-ATBI-0827,37108,,Papilio glaucus,,,United States,Tennessee,3023223,GU090087,COI-5P,658,2004-12-08 13:52:28|2004-12-09 08:42:32,Eastern Tiger Swallowtail
LPSO629-08,PPBP-0629,827071,PPBP-0629,Papilio glaucus,,,Canada,Ontario,2621494,KM548369,COI-5P,658,2008-07-14 21:05:00|2008-07-14 22:35:41,Eastern Tiger Swallowtail
LGSM805-04,DNA-ATBI-0805,37086,,Papilio troilus,,,United States,North Carolina,3023225,GU090089,COI-5P,658,2004-12-09 10:56:20|2004-12-08 12:03:33,Spicebush Swallowtail
LPSO508-08,PPBP-0508,826950,PPBP-0508,Papilio troilus,,,Canada,Ontario,2621496,KM547033,COI-5P,658,2008-07-15 00:06:49|2008-07-15 01:37:29,Spicebush Swallowtail
BBLOB1097-11,BIOUG01415-E04,2175253,BIOUG01415-E04,Eurytides marcellus,NA,NA,United States,Florida,4161062,,COI-5P,658,2011-10-13 20:16:52|2011-10-13 20:25:44,Zebra Swallowtail
KPOEC104-08,08OEC-025,847979,,Pieris virginiensis,NA,,Canada,Ontario,2626715,KT133944,COI-5P,658,2008-08-30 03:01:43|2008-08-30 01:30:37,West Virginia White
LNAUU3476-15,CCDB-28970-E08,6502705,USNM ENT 01202164,Pieris virginiensis,NA,,United States,Kentucky,8329270,,COI-5P,658,2016-02-12 08:10:22|2016-02-11 18:49:43|2016-02-24 00:06:02|2016-02-24 01:44:27,West Virginia White
LPSOB368-08,PPBP-1367,840085,PPBP-1367,Pieris rapae,,,Canada,Ontario,2620486,KM549875,COI-5P,658,2008-07-23 20:26:18|2008-07-23 21:57:00,Cabbage White
LTOL096-06,JWB-06-0001,519996,,Pieris rapae,,,United States,Virginia,2647886,JF283398,COI-5P,658,2006-12-21 09:57:21|2006-12-21 11:31:30,Cabbage White
LNAUU3457-15,CCDB-28970-D01,6502686,USNM ENT 01202145,Anthocharis midea,NA,,United States,Kentucky,8329286,,COI-5P,658,2016-02-24 00:06:02|2016-02-24 01:44:27|2016-02-11 17:19:34|2016-02-11 17:01:29,Falcate Orangetip
LTOLB190-09,AV-91-0143B,1042787,,Anthocharis midea,NA,Adrienne Venables,United States,Delaware,3241495,KF491538,COI-5P,658,2009-05-14 17:38:21|2009-05-14 16:07:17,Falcate Orangetip
LCH031-04,04HBL003031,10984,04HBL003031,Colias philodice,,Jacopo Dercole,Canada,Manitoba,2956581,KT137267,COI-5P,658,2004-09-23 21:00:32|2004-09-27 13:41:41,Clouded Sulphur
LGSM788-04,DNA-ATBI-0788,37069,,Colias philodice,,,United States,Tennessee,3022911,GU089776,COI-5P,658,2004-12-08 12:03:33|2004-12-09 10:56:20,Clouded Sulphur
MJMSL205-10,TDWG-0122,1683230,TDWG-0122,Colias eurytheme,NA,Mark J. Mello,United States,Massachusetts,3724397,HQ964536,COI-5P,658,2010-10-26 01:15:39|2010-10-26 02:41:15,Orange Sulphur
NCCH046-11,BIOUG01573-D10,2345023,BIOUG01573-D10,Colias eurytheme,NA,,Canada,Ontario,4320434,KT136166,COI-5P,658,2011-12-07 17:45:47|2011-12-07 17:39:52,Orange Sulphur
GBGLP013-10,EU271668,1533805,EU271668,Phoebis sennae,,,United States,Kentucky,3598411,EU271668,COI-5P,654,,Cloudless Sulphur
BBLOC574-11,BIOUG01458-A09,2204023,BIOUG01458-A09,Phoebis sennae,,,United States,Arizona,4168432,,COI-5P,658,2011-10-27 14:53:32|2011-10-27 16:11:27,Cloudless Sulphur
LNAUU3440-15,CCDB-28970-B08,6502669,USNM ENT 01202128,Pyrisitia lisa,,Steven J. Mueller,United States,Michigan,8329260,,COI-5P,658,2016-02-24 00:06:02|2016-02-24 01:44:27|2016-02-11 17:19:34|2016-02-11 17:01:29,Little Yellow
LTOLB189-09,AV-91-0032,1042786,,Pyrisitia lisa,,Jacopo Dercole,United States,Florida,3241494,KF491737,COI-5P,658,2009-05-14 17:38:21|2009-05-14 16:07:17,Little Yellow
LGSM817-04,DNA-ATBI-0817,37098,,Abaeis nicippe,NA,,United States,Tennessee,3022695,GU089559,COI-5P,658,2004-12-09 10:56:20|2004-12-08 12:03:33,Sleepy Orange
LNAUU1401-15,CCDB-28974-F11,6474518,USNM ENT 01201609,Abaeis nicippe,NA,,United States,Virginia,8317052,,COI-5P,658,2016-02-10 21:12:43|2016-02-11 17:19:34|2016-02-10 23:17:23|2016-02-11 17:01:29,Sleepy Orange
LYCAE119-15,JXM99R014,6140533,JXM-99-R014,Feniseca tarquinius,NA,David M. Wright,United States,Maryland,7776132,LT219685,COI-5P,676,,Harvester
LGSM815-04,DNA-ATBI-0815,37096,,Feniseca tarquinius,NA,,United States,North Carolina,3023019,GU089883,COI-5P,658,2004-12-09 10:56:20|2004-12-08 12:03:33,Harvester
BBLPC471-09,09BBELE-1471,1284165,09BBELE-1471,Lycaena phlaeas,,,Canada,New Brunswick,3458901,HM415280,COI-5P,658,2010-01-22 17:56:44|2010-01-22 19:26:21,American Copper
LGSMD633-05,DNA-ATBI-4090,59650,,Lycaena phlaeas,,,United States,North Carolina,2955816,,COI-5P,658,2006-02-14 23:42:15|2006-02-14 20:43:01,American Copper
EZBNB094-08,CBjS07-1221p.2,711056,,Lycaena hyllus,NA,Bjorn C. Schmidt,Canada,Alberta,2656265,KT144209,COI-5P,658,2008-02-05 19:02:03|2008-02-05 20:33:07,Bronze Copper
LPSOC015-08,PPBP-2014,839455,,Lycaena hyllus,NA,,Canada,Ontario,2612387,KT148345,COI-5P,658,2008-08-11 17:35:57|2008-08-11 19:07:05,Bronze Copper
BBLOC1411-11,BIOUG01542-E10,2210979,BIOUG01542-E10,Lycaena helloides,NA,Jacopo Dercole,United States,California,4431271,,COI-5P,658,2012-04-02 15:46:46|2012-04-02 21:28:55,Purplish Copper
EZBNB091-08,CBjS07-1221.1r.2,711053,,Lycaena helloides,NA,Bjorn C. Schmidt,Canada,Alberta,2656260,KT142547,COI-5P,658,2008-02-05 20:33:07|2008-02-05 19:02:03,Purplish Copper
EZBNB095-08,CBjS07-1224t,711057,,Satyrium titus,NA,Bjorn C. Schmidt,Canada,Ontario,2656422,KT132340,COI-5P,658,2008-02-05 19:02:03|2008-02-05 20:33:07,Coral Hairstreak
LPAB292-08,08BBLEP-02614,938749,08BBLEP-02614,Satyrium titus,NA,,Canada,Alberta,3192825,KM548957,COI-5P,658,2009-03-05 15:38:17|2009-03-05 17:08:57,Coral Hairstreak
LILLA413-11,SNS10IL-00538,2027454,SNS10IL-00538,Satyrium calanus,NA,Jacopo Dercole,United States,Illinois,4175668,,COI-5P,658,2011-11-04 08:55:59|2011-11-04 10:39:21,Banded Hairstreak
XAK463-06,2006-ONT-1458,289497,,Satyrium calanus,NA,,Canada,Ontario,2847931,KT145203,COI-5P,658,2006-08-24 22:22:25|2006-08-25 01:21:33,Banded Hairstreak
BBLOB1651-11,BIOUG01421-C12,2175997,BIOUG01421-C12,Satyrium liparops,NA,,United States,Florida,4161685,,COI-5P,658,2011-10-19 19:29:33|2011-10-19 19:37:57,Striped Hairstreak
EZBNB079-08,CBjS07-1049g.2,711041,,Satyrium liparops,NA,Bjorn C. Schmidt,Canada,Alberta,2656420,KT130273,COI-5P,658,2008-01-25 06:43:34|2008-01-25 05:12:09,Striped Hairstreak
BBLOB1598-11,BIOUG01420-G06,2175944,BIOUG01420-G06,Calycopis cecrops,NA,Jacopo Dercole,United States,Florida,4161599,,COI-5P,658,2011-10-19 16:39:22|2011-10-19 16:46:32,Red-banded Hairstreak
LGSM792-04,DNA-ATBI-0792,37073,,Calycopis cecrops,NA,,United States,Tennessee,3022839,GU089704,COI-5P,658,2004-12-09 08:42:32|2004-12-08 13:52:28,Red-banded Hairstreak
EZBNB043-08,CBjS07-0000u,711005,,Callophrys gryneus,,Jacopo Dercole,Canada,Ontario,2656145,KT133344,COI-5P,658,2008-01-28 23:22:24|2008-01-29 00:53:10,Olive Hairstreak
LNC566-06,06-NCCC-566,228101,,Callophrys gryneus,,James B. Sullivan,United States,North Carolina,2970174,,COI-5P,658,2006-04-13 01:25:42|2006-04-12 22:26:33,Olive Hairstreak
ALLEP294-13,BIOUG06757-A09,3502168,,Callophrys henrici,NA,Alex Smith,Canada,Ontario,5773262,,COI-5P,658,2013-10-16 10:17:23|2013-10-17 03:07:49,Henry's Elfin
LNC289-05,05-NCCC-289,82746,,Callophrys henrici,NA,,United States,North Carolina,2970175,,COI-5P,658,2005-10-27 05:15:40|2005-10-27 08:14:51,Henry's Elfin
BBLOB1274-11,BIOUG01417-D03,2175430,BIOUG01417-D03,Satyrium favonius,NA,NA,United States,Florida,4161278,NA,COI-5P,658,2011-10-19 13:48:26|2011-10-19 13:54:17,Northern Hairstreak
BBLOB839-11,BIOUG01412-G07,2174995,BIOUG01412-G07,Satyrium favonius,NA,NA,United States,Florida,4160840,NA,COI-5P,658,2011-10-13 16:02:00|2011-10-13 16:08:40,Northern Hairstreak
BBLOC1054-11,BIOUG01468-H02,2206616,BIOUG01468-H02,Strymon melinus,NA,BOLD ID Engine,United States,Arkansas,4415848,,COI-5P,658,2012-03-23 18:06:21|2012-03-23 23:48:00,Gray Hairstreak
LGSM839-04,DNA-ATBI-0839,37120,,Strymon melinus,NA,,United States,Tennessee,3023338,GU090203,COI-5P,658,2004-12-08 13:52:28|2004-12-09 08:42:32,Gray Hairstreak
ERPIR283-12,h-m4-388,2711551,,Cupido comyntas,NA,Vlad Dinca,Canada,Ontario,4632291,KT130497,COI-5P,658,2012-08-14 02:46:31|2012-08-14 04:12:25,Eastern Tailed Blue
LGSM795-04,DNA-ATBI-0795,37076,,Cupido comyntas,NA,,United States,Tennessee,3022919,GU089784,COI-5P,658,2004-12-08 13:52:28|2004-12-09 08:42:32,Eastern Tailed Blue
SDP183009-14,CBKJB9171341,4501206,,Cupido comyntas,NA,Student,United States,New York,6220047,KM019200,COI-5P,658,2014-04-23 13:54:14|2014-04-23 13:54:14,Eastern Tailed Blue
XAD636-05,2005-ONT-51,54419,,Celastrina ladon,NA,Paul Hebert,Canada,Ontario,3018002,GU438797,COI-5P,658,2005-06-24 00:22:10|2005-06-23 21:16:58,Spring/Summer Azure
XAJ191-06,2006-ONT-0191,255391,,Celastrina ladon,NA,Paul Hebert,Canada,Ontario,2869658,KT125551,COI-5P,658,2006-06-11 15:59:36|2006-06-11 13:00:26,Spring/Summer Azure
LPSOB163-08,PPBP-1162,827604,PPBP-1162,Glaucopsyche lygdamus,NA,,Canada,Ontario,2620101,KM554864,COI-5P,658,2008-07-22 15:25:48|2008-07-22 16:56:58,Silvery Blue
LPMN508-08,08BBLEP-01307,890743,08BBLEP-01307,Glaucopsyche lygdamus,NA,Evgeny V. Zakharov,Canada,Manitoba,2592072,KM553075,COI-5P,658,2008-11-17 16:11:59|2008-11-18 13:04:16,Silvery Blue
BCIBT819-13,YB-BCI55878,3061514,NA,Calephelis borealis,NA,Ricardo Bobadilla,Panama,Panama,5221446,KP848672,COI-5P,658,2013-05-22 10:24:11|2013-05-22 18:15:54,Northern Metalmark
BBLOB1324-11,BIOUG01417-H05,2175480,BIOUG01417-H05,Libytheana carinenta,Libytheana carinenta bachmanii,Jacopo Dercole,United States,Oklahoma,4161281,,COI-5P,658,2011-10-19 13:48:26|2011-10-19 13:54:17,American Snout Butterfly
LPSO807-08,PPBP-0807,827249,PPBP-0807,Libytheana carinenta,,,Canada,Ontario,2621275,KM548806,COI-5P,658,2008-07-15 17:27:47|2008-07-15 18:58:28,American Snout Butterfly
ERPIR301-12,h-m4-382,2711664,,Polygonia interrogationis,NA,Jeff H. T. Strohm,Canada,Ontario,4632288,KT138276,COI-5P,658,2012-08-14 02:46:31|2012-08-14 04:12:25,Question Mark
LGSM811-04,DNA-ATBI-0811,37092,,Polygonia interrogationis,NA,,United States,Tennessee,3023268,GU090134,COI-5P,658,2004-12-08 13:52:28|2004-12-09 08:42:32,Question Mark
ERPIR297-12,h-m4-383,2711660,,Polygonia comma,NA,Vlad Dinca,Canada,Ontario,4632313,KT129533,COI-5P,658,2012-08-14 02:46:31|2012-08-14 04:12:25,Eastern Comma
LGSM784-04,DNA-ATBI-0784,37065,,Polygonia comma,NA,,United States,Tennessee,3023266,GU090132,COI-5P,658,2004-12-08 12:03:33|2004-12-09 10:56:20,Eastern Comma
BBLPA078-10,10BBCLP-0078,1747775,10BBCLP-0078,Polygonia progne,NA,,Canada,Saskatchewan,3834539,JF841121,COI-5P,658,2011-02-28 01:59:11|2011-02-28 03:26:15,Gray Comma
EZBNB100-08,CBjS07-1004c,711062,,Polygonia progne,NA,Bjorn C. Schmidt,Canada,Alberta,2656409,KT134830,COI-5P,658,2008-01-28 23:22:24|2008-01-29 00:53:10,Gray Comma
LCH074-04,04HBL003074,11027,04HBL003074,Nymphalis antiopa,NA,,Canada,Manitoba,3021993,GU097020,COI-5P,658,2004-09-23 21:00:32|2004-09-27 13:41:41,Mourning Cloak
LPSO810-08,PPBP-0810,827252,PPBP-0810,Nymphalis antiopa,NA,,Canada,Ontario,2621414,KM551855,COI-5P,658,2008-07-15 17:27:47|2008-07-15 18:58:28,Mourning Cloak
BBLPA042-10,10BBCLP-0042,1747739,10BBCLP-0042,Aglais milberti,NA,,Canada,Alberta,3834532,JF841087,COI-5P,658,2011-02-28 01:59:11|2011-02-28 03:26:15,Milbert's Tortoise Shell
XAD695-05,2005-ONT-494,57988,,Aglais milberti,NA,,Canada,Ontario,3017921,GU438712,COI-5P,658,,Milbert's Tortoise Shell
MJMSL208-10,TDWG-0125,1683233,TDWG-0125,Vanessa virginiensis,NA,Mark J. Mello,United States,Massachusetts,3724410,HQ964539,COI-5P,658,2010-10-26 01:15:39|2010-10-26 02:41:15,American Lady
XAG469-05,2005-ONT-1053,67529,,Vanessa virginiensis,NA,Paul Hebert,Canada,Ontario,2979012,GU091473,COI-5P,658,2005-09-06 13:37:18|2005-09-06 10:31:57,American Lady
LPSOD409-09,08BBLEP-00188,1057962,08BBLEP-00188,Vanessa cardui,NA,,Canada,Ontario,3260219,KM554300,COI-5P,658,2009-05-22 12:07:26|2009-05-22 10:41:25,Painted Lady
LNC722-06,05-NCCC-722,245174,,Vanessa cardui,NA,,United States,North Carolina,2970881,,COI-5P,658,2006-05-12 13:13:39|2006-05-12 09:49:24,Painted Lady
CHIP071-12,BIOUG02020-F11,2452555,BIOUG02020-F11,Vanessa atalanta,NA,Angela Telfer,Canada,Manitoba,4703306,KT134481,COI-5P,658,2012-09-29 12:40:12|2012-09-29 14:05:51,Red Admiral
LPSOB367-08,PPBP-1366,840084,PPBP-1366,Vanessa atalanta,NA,,Canada,Ontario,2620701,KM546041,COI-5P,658,2008-07-23 20:26:18|2008-07-23 21:57:00,Red Admiral
BBLOC1686-11,BIOUG01547-D12,2220795,BIOUG01547-D12,Junonia coenia,,Jacopo Dercole,United States,Arkansas,4475150,,COI-5P,658,2012-05-07 14:47:03|2012-05-07 20:28:44|2012-05-08 14:15:28,Common Buckeye
GBGL11317-12,JQ430685,2956476,CIAD 10-B03,Junonia coenia,Junonia coenia grisea,Jacopo Dercole,United States,California,4794427,JQ430685,COI-5P,658,,Common Buckeye
GBGL19182-15,KM287959,6167900,txa3,Junonia coenia,,,United States,Texas,7722568,KM287959,COI-5P,678,,Common Buckeye
BBLOB751-11,BIOUG01399-H02,2172068,,Euptoieta claudia,NA,,United States,Oklahoma,4160074,,COI-5P,658,2011-10-14 01:57:45|2011-10-14 02:09:01,Variegated Fritillary
LGSM819-04,DNA-ATBI-0819,37100,,Euptoieta claudia,NA,,United States,North Carolina,3023013,GU089876,COI-5P,658,2004-12-09 10:56:20|2004-12-08 12:03:33,Variegated Fritillary
ALLEP043-13,BIOUG06751-D07,3460365,,Speyeria cybele,NA,Alex Smith,Canada,Ontario,5346544,,COI-5P,658,2013-08-02 14:38:01|2013-08-02 16:46:04,Great Spangled Fritillary
XAJ973-06,2006-ONT-0973,285153,,Speyeria cybele,NA,,Canada,Ontario,2870419,KT126130,COI-5P,658,2006-08-19 16:25:41|2006-08-19 19:24:50,Great Spangled Fritillary
LGSM818-04,DNA-ATBI-0818,37099,,Speyeria aphrodite,NA,,United States,North Carolina,3023324,GU090190,COI-5P,658,2004-12-08 12:03:33|2004-12-09 10:56:20,Aphrodite Fritillary
LPMNB486-09,08BBLEP-05524,1041180,08BBLEP-05524,Speyeria aphrodite,NA,Vlad Dinca,Canada,Manitoba,3219088,KM553510,COI-5P,658,2009-04-09 22:34:04|2009-04-10 00:04:50,Aphrodite Fritillary
BBLPC975-09,09BBELE-1975,1286765,09BBELE-1975,Boloria selene,NA,,Canada,Newfoundland and Labrador,3458027,HM415585,COI-5P,658,2010-01-27 19:18:33|2010-01-27 20:47:45,Silver-bordered Fritillary
CHLOC027-07,07PROBE-00439,669081,07PROBE-00439,Boloria selene,NA,Christina Hastings,Canada,Manitoba,2707038,KT131913,COI-5P,658,2007-10-18 20:01:39|2007-10-18 21:33:26,Silver-bordered Fritillary
EZBNB407-08,JG-011-07,754697,,Boloria bellona,NA,Evgeny V. Zakharov,Canada,Manitoba,2682661,KT137521,COI-5P,658,2008-05-08 10:37:38|2008-05-08 12:25:20,Meadow Fritillary
LGSM843-04,DNA-ATBI-0843,37124,,Boloria bellona,NA,,United States,North Carolina,3022826,GU089691,COI-5P,658,2004-12-09 08:42:32|2004-12-08 13:52:28,Meadow Fritillary
MJMSL207-10,TDWG-0124,1683232,TDWG-0124,Phyciodes tharos,NA,Mark J. Mello,United States,Massachusetts,3724413,HQ964538,COI-5P,658,2010-10-26 01:15:39|2010-10-26 02:41:15,Pearl Crescent
NCCH051-11,BIOUG01573-E03,2345028,BIOUG01573-E03,Phyciodes tharos,NA,,Canada,Ontario,4320491,KT128939,COI-5P,658,2011-12-07 17:45:47|2011-12-07 17:39:52,Pearl Crescent
BBLPA115-10,10BBCLP-0115,1747812,10BBCLP-0115,Chlosyne nycteis,NA,,Canada,Ontario,3841433,JF841157,COI-5P,658,2011-02-27 14:22:54|2011-02-27 15:50:05,Silvery Checkerspot
LGSM798-04,DNA-ATBI-0798,37079,,Chlosyne nycteis,NA,,United States,Tennessee,3022890,GU089755,COI-5P,658,2004-12-08 13:52:28|2004-12-09 08:42:32,Silvery Checkerspot
LOCT009-05,05-CTATBI-0009,53960,,Euphydryas phaeton,NA,,United States,Connecticut,2990244,,COI-5P,658,2005-07-15 15:38:23|2005-07-15 18:43:30|2005-06-18 07:33:58|2005-06-18 10:39:12,Baltimore
LPSOC447-08,PPBP-2446,839887,,Limenitis arthemis,Limenitis arthemis arthemis,Jacopo Dercole,Canada,Ontario,2612376,KT131708,COI-5P,658,2008-08-15 17:56:36|2008-08-15 19:27:20,White Admiral
LPAB191-08,08BBLEP-02513,917633,08BBLEP-02513,Limenitis arthemis,Limenitis arthemis arthemis,Jacopo Dercole,Canada,Alberta,2584481,KM539740,COI-5P,658,2008-11-25 09:26:24|2008-11-25 11:13:55,White Admiral
LGSMD625-05,DNA-ATBI-4082,59642,,Limenitis arthemis,Limenitis arthemis astyanax,Jacopo Dercole,United States,Tennessee,2955812,,COI-5P,658,2006-02-14 23:42:15|2006-02-14 20:43:01,Red-spotted Purple
LGSMD624-05,DNA-ATBI-4081,59641,,Limenitis arthemis,Limenitis arthemis astyanax,Jacopo Dercole,United States,Tennessee,2955815,,COI-5P,658,2006-02-14 22:13:08|2006-02-14 19:13:56,Red-spotted Purple
LPSK416-08,08BBLEP-01984,890375,08BBLEP-01984,Limenitis archippus,,Evgeny V. Zakharov,Canada,Saskatchewan,2593078,KM540310,COI-5P,658,2008-11-24 14:38:15|2008-11-24 16:08:59,Viceroy
XAK124-06,2006-ONT-1119,286358,,Limenitis archippus,,Paul Hebert,Canada,Ontario,2847945,KT127045,COI-5P,658,2006-08-18 09:10:57|2006-08-18 12:15:03,Viceroy
BBLOD1837-11,BIOUG01841-B02,2352667,BIOUG01841-B02,Anaea andria,NA,BOLD ID Engine,United States,Oklahoma,4411950,NA,COI-5P,658,2012-02-02 17:20:51|2012-02-02 11:19:47,Goatweed Leafwing
BBLOB741-11,BIOUG01399-G04,2172058,,Asterocampa celtis,,,United States,Oklahoma,4160093,,COI-5P,658,2011-10-14 01:57:45|2011-10-14 02:09:01,Hackberry Emperor
BBLOC649-11,BIOUG01458-G12,2204098,BIOUG01458-G12,Asterocampa celtis,,,United States,Arkansas,4168424,,COI-5P,658,2011-10-27 14:53:32|2011-10-27 16:11:27,Hackberry Emperor
BBLOB738-11,BIOUG01399-G01,2172055,,Asterocampa clyton,NA,,United States,Oklahoma,4160088,,COI-5P,658,2011-10-14 01:57:45|2011-10-14 02:09:01,Tawny Emperor
BBLOC1691-11,BIOUG01547-E05,2220800,BIOUG01547-E05,Asterocampa clyton,NA,BOLD ID Engine,United States,Texas,4475155,,COI-5P,658,2012-05-07 14:47:03|2012-05-07 20:28:44|2012-05-08 14:15:28,Tawny Emperor
GMOEF281-15,BIOUG24352-A01,6299032,BIOUG24352-A01,Lethe anthedon,NA,Jacopo Dercole,Canada,Ontario,8920675,MG363649,COI-5P,658,2016-10-17 12:19:40|2016-10-17 11:49:49,Northern Pearly-Eye
PHJUN4000-11,BIOUG01497-A11,2377644,BIOUG01497-A11,Lethe anthedon,NA,BOLD ID Engine,Canada,Ontario,4439205,KT141959,COI-5P,658,2012-03-15 11:58:08|2012-03-15 17:42:34,Northern Pearly-Eye
GBLN0690-06,DQ338772,502191,NEB-1-3,Satyrodes eurydice,NA,NA,NA,NA,3156937,DQ338772,COI-5P,835,NA,Northern Eyed Brown
GBLN3133-10,GQ357190,1534531,GQ357190,Satyrodes eurydice,NA,NA,NA,NA,3599137,GQ357190,COI-5P,879,NA,Northern Eyed Brown
DMML083-10,BIOUG00719-A04,1783318,BIOUG00719-A04,Lethe appalachia,NA,David Marsden,United States,South Carolina,3949549,,COI-5P,658,2011-04-28 10:27:05|2011-04-28 11:53:53,Appalachian Eyed Brown
XAK466-06,2006-ONT-1461,289500,,Lethe appalachia,NA,Jacopo Dercole,Canada,Ontario,2848074,KT143605,COI-5P,658,2006-08-24 22:22:25|2006-08-25 01:21:33,Appalachian Eyed Brown
BBLOB1650-11,BIOUG01421-C11,2175996,BIOUG01421-C11,Cyllopsis gemma,NA,,United States,Florida,4161684,,COI-5P,656,2011-10-19 19:29:33|2011-10-19 19:37:57,Gemmed Satyr
BBLOE1786-12,BIOUG01991-A08,2409093,BIOUG01991-A08,Cyllopsis gemma,NA,BOLD ID Engine,United States,Texas,4489611,,COI-5P,658,2012-05-16 17:02:46|2012-05-16 16:48:49,Gemmed Satyr
LGSM799-04,DNA-ATBI-0799,37080,,Hermeuptychia sosybius,NA,,United States,North Carolina,3023042,GU089906,COI-5P,658,2004-12-08 12:03:33|2004-12-09 10:56:20,Carolina Satyr
LTOLB191-09,AV-91-0070,1042788,,Hermeuptychia sosybius,NA,Jacopo Dercole,United States,Florida,3241496,KF491784,COI-5P,658,2009-05-14 17:38:21|2009-05-14 16:07:17,Carolina Satyr
LGSMD657-05,DNA-ATBI-4114,59674,,Megisto cymela,NA,,United States,Tennessee,2984087,GU088434,COI-5P,658,2005-07-29 18:16:03|2005-07-29 15:05:36,Little Wood Satyr
LPSO222-08,PPBP-0222,826664,PPBP-0222,Megisto cymela,NA,,Canada,Ontario,2621349,KM540860,COI-5P,658,2008-07-11 03:27:22|2008-07-11 04:58:30,Little Wood Satyr
LGSM791-04,DNA-ATBI-0791,37072,,Cercyonis pegala,NA,,United States,Tennessee,3022877,GU089743,COI-5P,658,2004-12-09 08:42:32|2004-12-08 13:52:28,Common Wood Nymph
XAJ932-06,2006-ONT-0932,285112,,Cercyonis pegala,NA,,Canada,Ontario,2869670,KT139449,COI-5P,658,2006-08-19 14:56:37|2006-08-19 17:55:46,Common Wood Nymph
LPSOB166-08,PPBP-1165,827607,PPBP-1165,Danaus plexippus,,,Canada,Ontario,2619990,KM550302,COI-5P,658,2008-07-22 15:25:48|2008-07-22 16:56:58,Monarch
SDP129035-13,CC13B-10,3897401,,Danaus plexippus,,Jacopo Dercole,United States,Minnesota,5676753,KX781802,COI-5P,658,2013-10-12 03:30:27|2013-10-14 15:15:13,Monarch
LCHP803-07,07PROBE-10560,664442,07PROBE-10560,Pontia protodice,NA,Jayme E. Sones,Canada,Manitoba,2734969,KT133037,COI-5P,658,2007-10-11 14:39:57|2007-10-11 16:10:45,Checkered White
LNAUU3511-15,CCDB-28970-H07,6502740,USNM ENT 01202196,Pontia protodice,NA,,United States,Illinois,8329241,,COI-5P,658,2016-02-12 08:10:22|2016-02-11 18:49:43|2016-02-24 00:06:02|2016-02-24 01:44:27,Checkered White
LTOL696-07,SW-07-0027,671410,,Pontia protodice,NA,Susan Weller,United States,Texas,2647887,JF283399,COI-5P,658,2007-11-15 19:36:08|2007-11-15 21:07:18,Checkered White
